,R,RMSE,p-value
LSTM,0.983129432763667,0.6533734464015905,1.5916004330581986e-41
SVR,0.9844236762707549,0.4223001437844154,1.874935993781668e-42
