,R,RMSE,p-value
LSTM,0.9591369816196488,0.5500048394382773,2.772370569772017e-31
SVR,0.952568001518068,0.46929617507889726,1.4267356817166322e-29
