,R,RMSE,p-value
LSTM,0.9425008046950898,0.8266259902446166,2.265172741904387e-27
SVR,0.9552553140919643,0.48969126082780795,3.0576378667600377e-30
