,R,RMSE,p-value
LSTM,0.9666080462865596,0.9536097496241392,1.3081246922683712e-33
SVR,0.9658336950441407,0.5365469763495768,2.4053756515570945e-33
