,R,RMSE,p-value
LSTM,0.744334011042986,1.0837087960320302,4.865132972301933e-11
SVR,0.7304179879667739,1.2437035385224402,1.6685898129858013e-10
