,R,RMSE,p-value
LSTM,0.9747400259365028,0.3810661760822921,7.742728269005977e-37
SVR,0.97158017277655,0.48422172588183643,1.792930654522435e-35
