,R,RMSE,p-value
LSTM,0.9896680938177684,0.3914423543136731,3.076308598858433e-47
SVR,0.9851043785232848,0.5241014173897264,5.6591049542420795e-43
