,R,RMSE,p-value
LSTM,0.983129432763667,0.6533734464015905,1.5916004330581986e-41
SVR,0.9844236762707281,0.42230014378446157,1.8749359938679892e-42
